{"base_files_url": "https://raw.githubusercontent.com/Moi-Mister/Beta_cores_Mister/d76feeaee797f1dfb41b45305415e76a93818349/", "db_files": ["db.json.zip"], "db_id": "Moi-Mister/Beta_cores_Mister", "db_url": "https://raw.githubusercontent.com/Moi-Mister/Beta_cores_Mister/db/db.json.zip", "default_options": {}, "files": {"_Arcade/Gauntlet (rev 14).mra": {"hash": "701359f7af866474e2937df39d98a79d", "size": 2329, "tags": [15, 19, 20]}, "_Arcade/Gauntlet II.mra": {"hash": "005a40ff798ed7194d4aeb5352c26e93", "size": 2800, "tags": [15, 19, 20]}, "_Arcade/Indiana Jones.mra": {"hash": "e9613b94eca93d71ac036a5350b5ff97", "size": 3257, "tags": [15, 19, 25]}, "_Arcade/Nemesis (ROM Version).mra": {"hash": "63a0b5e49acbbb7752823126572dae8f", "size": 4271, "tags": [15, 19, 22]}, "_Arcade/Peter Pack Rat.mra": {"hash": "bbfea0661c92db9339c422687c827aaf", "size": 3149, "tags": [15, 19, 25]}, "_Arcade/Psychic 5 (Japan).mra": {"hash": "e6b01f66b40c94b9fd7b45f62ee8dca1", "size": 2494, "tags": [15, 19, 26]}, "_Arcade/Psychic 5 (World).mra": {"hash": "544f5fa0f9bbf42118a174f501873c27", "size": 2506, "tags": [15, 19, 26]}, "_Arcade/Vindicators Part II (rev 3).mra": {"hash": "b96f3ca79b88653bb8d8e43985ab337d", "size": 3938, "tags": [15, 19, 20]}, "_Arcade/_NEO GEO/2020 Super Baseball.mra": {"hash": "e9d6d9b7a2040aac230c4da981d59832", "size": 1908, "tags": [15, 19, 23]}, "_Arcade/_NEO GEO/3 Count Bout.mra": {"hash": "6ac555dbae1a1c0f3bc9d82a3776f410", "size": 1890, "tags": [15, 19, 23]}, "_Arcade/_NEO GEO/Aero Fighters 2.mra": {"hash": "69c95ba1c3953f293a37ee4105bb2260", "size": 1912, "tags": [15, 19, 23]}, "_Arcade/_NEO GEO/Aero Fighters 3.mra": {"hash": "4584d75afbe0a78bf5822caf7a35e19c", "size": 1912, "tags": [15, 19, 23]}, "_Arcade/_NEO GEO/Aggressors of Dark Kombat.mra": {"hash": "fee7f006c747e606db596679803033cd", "size": 1891, "tags": [15, 19, 23]}, "_Arcade/_NEO GEO/Alpha Mission II.mra": {"hash": "dc7edb3c5274486221a2718d8bd80bbb", "size": 1888, "tags": [15, 19, 23]}, "_Arcade/_NEO GEO/Andro Dunos.mra": {"hash": "9e961808e70fc00701e1555d22467d86", "size": 1917, "tags": [15, 19, 23]}, "_Arcade/_NEO GEO/Art of Fighting 2.mra": {"hash": "2f8a2484b50dfa80a620ad75e9f60a17", "size": 1881, "tags": [15, 19, 23]}, "_Arcade/_NEO GEO/Art of Fighting 3 - The Path of the Warrior.mra": {"hash": "cbe353a2e4d9fd77c28e5a300fa446a3", "size": 1903, "tags": [15, 19, 23]}, "_Arcade/_NEO GEO/Art of Fighting.mra": {"hash": "3bd1fcca446470fcd9cb901bc8b868cd", "size": 1869, "tags": [15, 19, 23]}, "_Arcade/_NEO GEO/Bakatonosama Mahjong Manyuuki.mra": {"hash": "312f6df6788bd0052ecacf9b46405754", "size": 1944, "tags": [15, 19, 23]}, "_Arcade/_NEO GEO/Bang Bang Busters.mra": {"hash": "40d7fae7249f2b76deb0f404755e46c2", "size": 1892, "tags": [15, 19, 23]}, "_Arcade/_NEO GEO/Bang Bead.mra": {"hash": "ee1339442c9e5b8bc581994b81064215", "size": 1895, "tags": [15, 19, 23]}, "_Arcade/_NEO GEO/Baseball Stars 2.mra": {"hash": "cf7df812350e8f86d613937cc21a6303", "size": 1894, "tags": [15, 19, 23]}, "_Arcade/_NEO GEO/Baseball Stars Professional.mra": {"hash": "5a9bc1744b05fdac0be9384109259f55", "size": 2139, "tags": [15, 19, 23]}, "_Arcade/_NEO GEO/Battle Flip Shot.mra": {"hash": "bb567d437f826e1d5b96e210a20cb3c2", "size": 1902, "tags": [15, 19, 23]}, "_Arcade/_NEO GEO/Blazing Star.mra": {"hash": "93cd2ec7e87f76a39dfe48be937fb461", "size": 1901, "tags": [15, 19, 23]}, "_Arcade/_NEO GEO/Blue's Journey.mra": {"hash": "1f905fecdedcc076c60d1f730ad21447", "size": 2143, "tags": [15, 19, 23]}, "_Arcade/_NEO GEO/Breakers Revenge.mra": {"hash": "8e9038300f0620dd46507c9118311d73", "size": 1902, "tags": [15, 19, 23]}, "_Arcade/_NEO GEO/Breakers.mra": {"hash": "e8e3c69e88aa08ffd6ad1606fc8ddec5", "size": 1894, "tags": [15, 19, 23]}, "_Arcade/_NEO GEO/Burning Fight.mra": {"hash": "f9cbe17f5a4ac4f82cbf9d0d279a389f", "size": 1917, "tags": [15, 19, 23]}, "_Arcade/_NEO GEO/Captain Tomaday.mra": {"hash": "827e67e2f11e362c6edbbde20649d991", "size": 1901, "tags": [15, 19, 23]}, "_Arcade/_NEO GEO/Columns.mra": {"hash": "32cc10b99b6728d669891ba240717395", "size": 1898, "tags": [15, 19, 23]}, "_Arcade/_NEO GEO/Crossed Swords 2.mra": {"hash": "e61063a6f524fc78c413e3599e34b809", "size": 1938, "tags": [15, 19, 23]}, "_Arcade/_NEO GEO/Crossed Swords.mra": {"hash": "fc67b02d1eac67d25882016394c90dc1", "size": 1925, "tags": [15, 19, 23]}, "_Arcade/_NEO GEO/Cyber-Lip.mra": {"hash": "c076291cdc30cb843b4f2b95c8b87477", "size": 2135, "tags": [15, 19, 23]}, "_Arcade/_NEO GEO/Digger Man (prototype).mra": {"hash": "ae093facca8c25e50040de8d81419c11", "size": 1916, "tags": [15, 19, 23]}, "_Arcade/_NEO GEO/Double Dragon.mra": {"hash": "7ff9982c14dcb268fa04254f6da3429d", "size": 1917, "tags": [15, 19, 23]}, "_Arcade/_NEO GEO/Dragon's Heaven (development board).mra": {"hash": "a9f69e0ebf675a27da71cbb138f027e0", "size": 1920, "tags": [15, 19, 23]}, "_Arcade/_NEO GEO/Eight Man.mra": {"hash": "1ddd0a3d6bf95021574b78903aec3fb9", "size": 1922, "tags": [15, 19, 23]}, "_Arcade/_NEO GEO/Far East of Eden - Kabuki Klash.mra": {"hash": "28acf4c244a8bea098c031889a402e9c", "size": 1918, "tags": [15, 19, 23]}, "_Arcade/_NEO GEO/Fatal Fury - King of Fighters.mra": {"hash": "224ce6ff3a033326281a2032b2107129", "size": 1913, "tags": [15, 19, 23]}, "_Arcade/_NEO GEO/Fatal Fury 2.mra": {"hash": "833377a1a13f48ac534b4b7eec5e1fac", "size": 1896, "tags": [15, 19, 23]}, "_Arcade/_NEO GEO/Fatal Fury 3 - Road to the Final Victory.mra": {"hash": "f2d295aa64da43effdb058bd1ee1bd83", "size": 1974, "tags": [15, 19, 23]}, "_Arcade/_NEO GEO/Fatal Fury Special.mra": {"hash": "d89fdf851ac24662e289fc7513f03402", "size": 1922, "tags": [15, 19, 23]}, "_Arcade/_NEO GEO/Fight Fever.mra": {"hash": "d15ec900e9cea062ed5c638476daeb12", "size": 1898, "tags": [15, 19, 23]}, "_Arcade/_NEO GEO/Football Frenzy.mra": {"hash": "d84a9049f60a2bfa9b1ae1b63774c677", "size": 1919, "tags": [15, 19, 23]}, "_Arcade/_NEO GEO/Frog Feast.mra": {"hash": "a04cf09a2e65176d34714e3e14d2267f", "size": 1894, "tags": [15, 19, 23]}, "_Arcade/_NEO GEO/Galaxy Fight - Universal Warriors.mra": {"hash": "667f0f0aeea79d5284d7113583a6d036", "size": 1921, "tags": [15, 19, 23]}, "_Arcade/_NEO GEO/Ganryu.mra": {"hash": "835f07bd41dcb67cc4de65a7c439c7bb", "size": 1880, "tags": [15, 19, 23]}, "_Arcade/_NEO GEO/Garou - Mark of the Wolves.mra": {"hash": "b79fd9f84cbddbd4c945cbe4429bd3b2", "size": 1903, "tags": [15, 19, 23]}, "_Arcade/_NEO GEO/Ghost Pilots.mra": {"hash": "2ff3ba9a38e4474f630ad828d28c6ae9", "size": 2141, "tags": [15, 19, 23]}, "_Arcade/_NEO GEO/Ghostlop.mra": {"hash": "3121656f8dc737df9c3d3d154ad6b8cb", "size": 1922, "tags": [15, 19, 23]}, "_Arcade/_NEO GEO/Goal! Goal! Goal!.mra": {"hash": "2a48d08f2a60cfcbdb873d51d336cfc7", "size": 1891, "tags": [15, 19, 23]}, "_Arcade/_NEO GEO/Gururin.mra": {"hash": "2d4254fd7364846799d0d95c52f2dd35", "size": 1886, "tags": [15, 19, 23]}, "_Arcade/_NEO GEO/Idol Mahjong Final Romance 2.mra": {"hash": "a5797710b6324ac9624445ad57a3a2e1", "size": 1949, "tags": [15, 19, 23]}, "_Arcade/_NEO GEO/Ironclad.mra": {"hash": "53254e3e502f347b9eb897b258aaf867", "size": 1895, "tags": [15, 19, 23]}, "_Arcade/_NEO GEO/Janshin Densetsu - Quest of Jongmaster.mra": {"hash": "c804a7bd67849c58bd56cc04304055ea", "size": 1918, "tags": [15, 19, 23]}, "_Arcade/_NEO GEO/Karnov's Revenge.mra": {"hash": "2c4da169e96f26b05d2d235964b636b8", "size": 1912, "tags": [15, 19, 23]}, "_Arcade/_NEO GEO/King of the Monsters 2 - The Next Thing.mra": {"hash": "4b8c827cc0070d60a5701015068e25d7", "size": 1925, "tags": [15, 19, 23]}, "_Arcade/_NEO GEO/King of the Monsters.mra": {"hash": "d9b38364a2407a709f1cc03d9a2881b1", "size": 1888, "tags": [15, 19, 23]}, "_Arcade/_NEO GEO/Kizuna Encounter - Super Tag Battle.mra": {"hash": "9cc79e3b694d0f07b958b15e8bc9c94c", "size": 1907, "tags": [15, 19, 23]}, "_Arcade/_NEO GEO/Last Hope.mra": {"hash": "d9bf37a4fcb316950f31e8c205e7b7e7", "size": 2206, "tags": [15, 19, 23]}, "_Arcade/_NEO GEO/Last Resort.mra": {"hash": "2cbda70594d1e43390fb5194bdb688d6", "size": 1889, "tags": [15, 19, 23]}, "_Arcade/_NEO GEO/League Bowling.mra": {"hash": "58f698d65951127031271d5018edf043", "size": 2150, "tags": [15, 19, 23]}, "_Arcade/_NEO GEO/Legend of Success Joe.mra": {"hash": "05ccbc3ee26fd1f1a144655f246e70a0", "size": 1912, "tags": [15, 19, 23]}, "_Arcade/_NEO GEO/LoopTris.mra": {"hash": "5158585c33057f451c66038cae428743", "size": 2096, "tags": [15, 19, 23]}, "_Arcade/_NEO GEO/Magical Drop II.mra": {"hash": "b1cffae0386810944a8c8c05f836b3f9", "size": 1917, "tags": [15, 19, 23]}, "_Arcade/_NEO GEO/Magical Drop III.mra": {"hash": "3a7da484a75b6d5efc9dc45636d233df", "size": 1918, "tags": [15, 19, 23]}, "_Arcade/_NEO GEO/Magician Lord.mra": {"hash": "85fc16f6b34eef2eda7193ffebe0b2ce", "size": 2145, "tags": [15, 19, 23]}, "_Arcade/_NEO GEO/Mahjong Kyo Retsuden.mra": {"hash": "a80167f7b14e04bc4123981f0ff89b6e", "size": 2156, "tags": [15, 19, 23]}, "_Arcade/_NEO GEO/Matrimelee.mra": {"hash": "cecde945910c5f3f01e0488f692ce93d", "size": 1900, "tags": [15, 19, 23]}, "_Arcade/_NEO GEO/Metal Slug - Super Vehicle-001.mra": {"hash": "af84f2f2fd857d762e257ce010197fac", "size": 1898, "tags": [15, 19, 23]}, "_Arcade/_NEO GEO/Metal Slug 2 - Super Vehicle-001-II.mra": {"hash": "b522bbf63b4a4a6a6ec1b64434280b6a", "size": 1907, "tags": [15, 19, 23]}, "_Arcade/_NEO GEO/Metal Slug 3.mra": {"hash": "579beb26d0bc4c63ef47882f84acca42", "size": 1895, "tags": [15, 19, 23]}, "_Arcade/_NEO GEO/Metal Slug 4.mra": {"hash": "18e1cf6dacf4e91fa170db0e11a7465b", "size": 1923, "tags": [15, 19, 23]}, "_Arcade/_NEO GEO/Metal Slug 5.mra": {"hash": "68e6b611fb93bf0e412ff18de9d563fc", "size": 1904, "tags": [15, 19, 23]}, "_Arcade/_NEO GEO/Metal Slug X - Super Vehicle-001.mra": {"hash": "95e8adca058352e594fff012848ea90b", "size": 1926, "tags": [15, 19, 23]}, "_Arcade/_NEO GEO/Minasan no Okagesamadesu! Dai Sugoroku Taikai.mra": {"hash": "9f36e7853400c08b59afb3cfcc14add9", "size": 2185, "tags": [15, 19, 23]}, "_Arcade/_NEO GEO/Money Puzzle Exchanger.mra": {"hash": "c31a30b78bce0ed5dbe83317026a58e2", "size": 1907, "tags": [15, 19, 23]}, "_Arcade/_NEO GEO/Mutation Nation.mra": {"hash": "9c0e51cf8a4cb94983ece4499190317a", "size": 1907, "tags": [15, 19, 23]}, "_Arcade/_NEO GEO/NAM-1975.mra": {"hash": "4541ffabeb0ea0bd16e633c51677de41", "size": 2137, "tags": [15, 19, 23]}, "_Arcade/_NEO GEO/Neo Bomberman.mra": {"hash": "7b0631b6d14890f4b374a34537f7cb2d", "size": 1900, "tags": [15, 19, 23]}, "_Arcade/_NEO GEO/Neo Drift Out - New Technology.mra": {"hash": "dadbb18c6f4d8f81772b2bf8a206c85d", "size": 1916, "tags": [15, 19, 23]}, "_Arcade/_NEO GEO/Neo Fight.mra": {"hash": "a29984f6177b0260ef99092b181e3633", "size": 1889, "tags": [15, 19, 23]}, "_Arcade/_NEO GEO/Neo Mr. Do!.mra": {"hash": "ef20d8590b81a11677c65a797fec4910", "size": 1891, "tags": [15, 19, 23]}, "_Arcade/_NEO GEO/Neo Thunder.mra": {"hash": "24f87f45a6afe8b1a2daf512e285792e", "size": 1891, "tags": [15, 19, 23]}, "_Arcade/_NEO GEO/Neo Turf Masters.mra": {"hash": "43084582f619f4b6faa5a68e3bd6668b", "size": 1902, "tags": [15, 19, 23]}, "_Arcade/_NEO GEO/Neo-Geo Cup '98 - The Road to the Victory.mra": {"hash": "6bd422687e55087553e06990bb5c57c8", "size": 1925, "tags": [15, 19, 23]}, "_Arcade/_NEO GEO/NeoTRIS (free beta version).mra": {"hash": "d56879ea893ba0f58a23d5cef01b4ccc", "size": 1905, "tags": [15, 19, 23]}, "_Arcade/_NEO GEO/Nightmare in the Dark.mra": {"hash": "bb120331e4be232e7290889e35d44094", "size": 1895, "tags": [15, 19, 23]}, "_Arcade/_NEO GEO/Ninja Combat.mra": {"hash": "ccc941bf778bdd528e2f6729f2d6bed6", "size": 2144, "tags": [15, 19, 23]}, "_Arcade/_NEO GEO/Ninja Commando.mra": {"hash": "48b532dd5015501adbbc715fb40473cd", "size": 1911, "tags": [15, 19, 23]}, "_Arcade/_NEO GEO/Ninja Master's - Haoh-ninpo-cho.mra": {"hash": "19c376f1cc6adb71af0337fea59f27c3", "size": 1921, "tags": [15, 19, 23]}, "_Arcade/_NEO GEO/OverTop.mra": {"hash": "152e708d930a9e80f0b43a3c2a103602", "size": 1885, "tags": [15, 19, 23]}, "_Arcade/_NEO GEO/Panic Bomber.mra": {"hash": "517c59dcdf3472427c8d1ae99cd1af89", "size": 1910, "tags": [15, 19, 23]}, "_Arcade/_NEO GEO/Pleasure Goal.mra": {"hash": "a7a496875f9c1c1640e1f5936cd1738b", "size": 1882, "tags": [15, 19, 23]}, "_Arcade/_NEO GEO/Pochi and Nyaa.mra": {"hash": "3b124b0ff14f35c9057e2568e7433b3f", "size": 1900, "tags": [15, 19, 23]}, "_Arcade/_NEO GEO/Pop 'n Bounce.mra": {"hash": "8df08aa2bd3009087a4f2a04258727c5", "size": 1910, "tags": [15, 19, 23]}, "_Arcade/_NEO GEO/Power Spikes II.mra": {"hash": "609dc6dc5d89e9553f975e4777c2e84d", "size": 1922, "tags": [15, 19, 23]}, "_Arcade/_NEO GEO/Prehistoric Isle 2.mra": {"hash": "f514bfd2a5775124850d82c5de2edf1b", "size": 1916, "tags": [15, 19, 23]}, "_Arcade/_NEO GEO/Pulstar.mra": {"hash": "6a26bd136ec41769b399ac7fa391adac", "size": 1887, "tags": [15, 19, 23]}, "_Arcade/_NEO GEO/Puzzle Bobble 2.mra": {"hash": "18f8ab22438ecaf840e2b86269649766", "size": 1915, "tags": [15, 19, 23]}, "_Arcade/_NEO GEO/Puzzle Bobble.mra": {"hash": "b59fdb1e0a5fcefc8df9bb9c34c90cd8", "size": 1899, "tags": [15, 19, 23]}, "_Arcade/_NEO GEO/Puzzle De Pon! R!.mra": {"hash": "f50d2522c9e0e9a1e74b25070bb0a594", "size": 1903, "tags": [15, 19, 23]}, "_Arcade/_NEO GEO/Puzzle De Pon!.mra": {"hash": "75bdcd9e2857957719319dc792ec889a", "size": 1900, "tags": [15, 19, 23]}, "_Arcade/_NEO GEO/Puzzled.mra": {"hash": "45a0b0e21041ca8655cbd9fd946e3803", "size": 2109, "tags": [15, 19, 23]}, "_Arcade/_NEO GEO/Quiz Daisousa Sen - The Last Count Down.mra": {"hash": "ffc66794454834395d66e3c90dce67f5", "size": 1943, "tags": [15, 19, 23]}, "_Arcade/_NEO GEO/Quiz King of Fighters.mra": {"hash": "1476991c8e27df3e4ce9b6f11638f6c5", "size": 1936, "tags": [15, 19, 23]}, "_Arcade/_NEO GEO/Quiz Meitantei Neo & Geo - Quiz Daisousa Sen part 2.mra": {"hash": "325ddea8cda6bc3c9d3ecae4b74ae0a0", "size": 1959, "tags": [15, 19, 23]}, "_Arcade/_NEO GEO/Rage of the Dragons.mra": {"hash": "dc91d2ec5a559a49c093d92c8cb39c09", "size": 1903, "tags": [15, 19, 23]}, "_Arcade/_NEO GEO/Ragnagard.mra": {"hash": "1525d693d3fb0dc97fcd925b49d4679a", "size": 1896, "tags": [15, 19, 23]}, "_Arcade/_NEO GEO/Real Bout Fatal Fury (bug fix revision).mra": {"hash": "c6dfcc31b5ef798f548158c72a78d3bf", "size": 1911, "tags": [15, 19, 23]}, "_Arcade/_NEO GEO/Real Bout Fatal Fury 2 - The Newcomers.mra": {"hash": "2338d956e2b4bd08b70da20dd4bf13b7", "size": 1893, "tags": [15, 19, 23]}, "_Arcade/_NEO GEO/Real Bout Fatal Fury Special.mra": {"hash": "0cc9e46610bd5ab844e54729ff765236", "size": 1912, "tags": [15, 19, 23]}, "_Arcade/_NEO GEO/Riding Hero.mra": {"hash": "0689f0e18a835600428bebc36ad86a62", "size": 2140, "tags": [15, 19, 23]}, "_Arcade/_NEO GEO/Robo Army.mra": {"hash": "a0fa0d95f05844e553f2803f124f18a8", "size": 1893, "tags": [15, 19, 23]}, "_Arcade/_NEO GEO/SNK vs. Capcom - SVC Chaos.mra": {"hash": "b42bc4be1ddf8c521a62e9610798d4a7", "size": 1916, "tags": [15, 19, 23]}, "_Arcade/_NEO GEO/Samurai Shodown II.mra": {"hash": "9b4aa54055780396560bea5941f110a8", "size": 1896, "tags": [15, 19, 23]}, "_Arcade/_NEO GEO/Samurai Shodown III.mra": {"hash": "b0482aed9b563c34497cb64c25fbbb6b", "size": 1901, "tags": [15, 19, 23]}, "_Arcade/_NEO GEO/Samurai Shodown IV - Amakusa's Revenge.mra": {"hash": "603abbbf3196c49c81fff4ed9a07744d", "size": 1916, "tags": [15, 19, 23]}, "_Arcade/_NEO GEO/Samurai Shodown V Perfect.mra": {"hash": "7be39ce880c8c72994fd4b7574d999da", "size": 1909, "tags": [15, 19, 23]}, "_Arcade/_NEO GEO/Samurai Shodown V Special.mra": {"hash": "642b361199a7e8f0c7acc266cd149b9b", "size": 1936, "tags": [15, 19, 23]}, "_Arcade/_NEO GEO/Samurai Shodown V.mra": {"hash": "4789f8d7f4c3296fac8fb2098f5a1529", "size": 1916, "tags": [15, 19, 23]}, "_Arcade/_NEO GEO/Samurai Shodown.mra": {"hash": "8b94760ede03303fdc090bf7cddab029", "size": 1887, "tags": [15, 19, 23]}, "_Arcade/_NEO GEO/Savage Reign.mra": {"hash": "bf2c33c2ed9b11843795fb1b5a7ba8e9", "size": 1896, "tags": [15, 19, 23]}, "_Arcade/_NEO GEO/Sengoku 2.mra": {"hash": "f4cfba6164de9e1f483abfb79d9a1c7e", "size": 1893, "tags": [15, 19, 23]}, "_Arcade/_NEO GEO/Sengoku 3.mra": {"hash": "b70f5d775c0db4267bb559fa8c142def", "size": 1909, "tags": [15, 19, 23]}, "_Arcade/_NEO GEO/Sengoku.mra": {"hash": "29e36c1dc7bd40b8c46ee78c09335eaa", "size": 1904, "tags": [15, 19, 23]}, "_Arcade/_NEO GEO/Shock Troopers 2nd Squad.mra": {"hash": "04e8ffc1140561ade13c06333c41d1d0", "size": 1911, "tags": [15, 19, 23]}, "_Arcade/_NEO GEO/Shock Troopers.mra": {"hash": "6eb0348d233921b9ce2b7d77da64bc8e", "size": 1909, "tags": [15, 19, 23]}, "_Arcade/_NEO GEO/Shougi no Tatsujin - Master of Shougi.mra": {"hash": "a4e8368e45d32ad3dcb2a5301e9f3a34", "size": 1927, "tags": [15, 19, 23]}, "_Arcade/_NEO GEO/Soccer Brawl.mra": {"hash": "c1adf122a55b766d815fa36be03ae22c", "size": 1906, "tags": [15, 19, 23]}, "_Arcade/_NEO GEO/Spin Master.mra": {"hash": "931924b79c7ac6bece2cd15ae58dde54", "size": 1913, "tags": [15, 19, 23]}, "_Arcade/_NEO GEO/Stakes Winner 2.mra": {"hash": "564dd6df8c6622b0879da70b8ad256ca", "size": 1902, "tags": [15, 19, 23]}, "_Arcade/_NEO GEO/Stakes Winner.mra": {"hash": "a837cc92bfd2d2a839e546f94733d435", "size": 1894, "tags": [15, 19, 23]}, "_Arcade/_NEO GEO/Street Hoop.mra": {"hash": "0ffee21b09a45e38a40bb47520018f6d", "size": 1907, "tags": [15, 19, 23]}, "_Arcade/_NEO GEO/Strikers 1945 Plus.mra": {"hash": "b4d142f0676529746dc7af9393aa715c", "size": 1893, "tags": [15, 19, 23]}, "_Arcade/_NEO GEO/Super Bubble Pop.mra": {"hash": "aadabbed92eda9c1506797c36cdfc33c", "size": 1878, "tags": [15, 19, 23]}, "_Arcade/_NEO GEO/Super Dodge Ball.mra": {"hash": "c84096ff6dc48f83ad9f0ea94aeb3037", "size": 1904, "tags": [15, 19, 23]}, "_Arcade/_NEO GEO/Super Sidekicks 2 - The World Championship.mra": {"hash": "0c8b7508ff060bbd85ea6a90a68da7cc", "size": 1926, "tags": [15, 19, 23]}, "_Arcade/_NEO GEO/Super Sidekicks 3 - The Next Glory.mra": {"hash": "f55cd96d68e067b4eb8918765dc03cdd", "size": 1918, "tags": [15, 19, 23]}, "_Arcade/_NEO GEO/Super Sidekicks.mra": {"hash": "7f3f0e1f822934e40edec91b4ad0fa7d", "size": 1893, "tags": [15, 19, 23]}, "_Arcade/_NEO GEO/Tecmo World Soccer '96.mra": {"hash": "90c3b17dda8a6ffd5af4445c7b9e3d88", "size": 1946, "tags": [15, 19, 23]}, "_Arcade/_NEO GEO/Tetris.mra": {"hash": "c90e3af394a8c34140d00eb670f4290e", "size": 1897, "tags": [15, 19, 23]}, "_Arcade/_NEO GEO/The Irritating Maze.mra": {"hash": "43c33c02942f8a8ea6805ddbc04da4b7", "size": 1906, "tags": [15, 19, 23]}, "_Arcade/_NEO GEO/The King of Fighters '94.mra": {"hash": "e5ce4ff464cd75e67636baf0d6e24680", "size": 1910, "tags": [15, 19, 23]}, "_Arcade/_NEO GEO/The King of Fighters '95.mra": {"hash": "0f4b62ed7927ba76106bfb10a01fc160", "size": 1900, "tags": [15, 19, 23]}, "_Arcade/_NEO GEO/The King of Fighters '96.mra": {"hash": "95fb354e15eda0b8939fab6db80f359e", "size": 1900, "tags": [15, 19, 23]}, "_Arcade/_NEO GEO/The King of Fighters '97.mra": {"hash": "d7cdcbf17c2358d0f0b230638f8a8c4e", "size": 1901, "tags": [15, 19, 23]}, "_Arcade/_NEO GEO/The King of Fighters '98 - The Slugfest.mra": {"hash": "8f06c49c1d4e7eb3def06d937348c334", "size": 1905, "tags": [15, 19, 23]}, "_Arcade/_NEO GEO/The King of Fighters '99 - Millennium Battle.mra": {"hash": "cd09284d0000c9b0b3adc12dc9b477bc", "size": 1921, "tags": [15, 19, 23]}, "_Arcade/_NEO GEO/The King of Fighters 2000.mra": {"hash": "e07178294ac4ca1bba9daf2f856d30bd", "size": 1925, "tags": [15, 19, 23]}, "_Arcade/_NEO GEO/The King of Fighters 2001.mra": {"hash": "0e715be0af44a1f80c9d2dcb4472be34", "size": 1922, "tags": [15, 19, 23]}, "_Arcade/_NEO GEO/The King of Fighters 2002.mra": {"hash": "306a2c9d008ed63e343182bf9ed1fdb0", "size": 1939, "tags": [15, 19, 23]}, "_Arcade/_NEO GEO/The King of Fighters 2003.mra": {"hash": "198982b5d3835d28a39e1dab53875239", "size": 1931, "tags": [15, 19, 23]}, "_Arcade/_NEO GEO/The Last Blade 2.mra": {"hash": "e8724d6a290d2ebbc15f40ae3a83ed0a", "size": 1900, "tags": [15, 19, 23]}, "_Arcade/_NEO GEO/The Last Blade.mra": {"hash": "4976b26dc2ccf1425a36125900bf452f", "size": 1898, "tags": [15, 19, 23]}, "_Arcade/_NEO GEO/The Super Spy.mra": {"hash": "7a80e331e74817140863ba082aabf2c9", "size": 2149, "tags": [15, 19, 23]}, "_Arcade/_NEO GEO/The Ultimate 11 - The SNK Football Championship.mra": {"hash": "2a4a3dbca3d7d91d9c003eb5c0b43527", "size": 1931, "tags": [15, 19, 23]}, "_Arcade/_NEO GEO/Thrash Rally.mra": {"hash": "84d365360cc9106f01b9c71c7f48b140", "size": 1917, "tags": [15, 19, 23]}, "_Arcade/_NEO GEO/Top Hunter - Roddy & Cathy.mra": {"hash": "25695515ed23dd8af1815c3c9123f8db", "size": 1924, "tags": [15, 19, 23]}, "_Arcade/_NEO GEO/Top Player's Golf.mra": {"hash": "51a53ab80cb9bf7d604d91b77ba1aeb4", "size": 2139, "tags": [15, 19, 23]}, "_Arcade/_NEO GEO/Treasure of the Caribbean.mra": {"hash": "1736d505c26f5547e17ea72bca4b3da3", "size": 1881, "tags": [15, 19, 23]}, "_Arcade/_NEO GEO/Twinkle Star Sprites.mra": {"hash": "0b1c3a67a9910538b209262bd17786d2", "size": 1910, "tags": [15, 19, 23]}, "_Arcade/_NEO GEO/Viewpoint.mra": {"hash": "76d5cb0f796d20439d4c04ec7dad3db9", "size": 1903, "tags": [15, 19, 23]}, "_Arcade/_NEO GEO/Voltage Fighter - Gowcaizer.mra": {"hash": "bdbcfb4dc5aec984399201ae5d950049", "size": 1921, "tags": [15, 19, 23]}, "_Arcade/_NEO GEO/Waku Waku 7.mra": {"hash": "1ecb980249a3da94afcb8e79415fafff", "size": 1899, "tags": [15, 19, 23]}, "_Arcade/_NEO GEO/Windjammers.mra": {"hash": "5ba35d509b738c6e5c58a6e078552291", "size": 1913, "tags": [15, 19, 23]}, "_Arcade/_NEO GEO/World Heroes 2 Jet.mra": {"hash": "2f88f6665cbc070c5149df7319f545a0", "size": 1904, "tags": [15, 19, 23]}, "_Arcade/_NEO GEO/World Heroes 2.mra": {"hash": "924875ec4410962bd64afb63f9c9f083", "size": 1888, "tags": [15, 19, 23]}, "_Arcade/_NEO GEO/World Heroes Perfect.mra": {"hash": "f3c55c342ebc8f37ee6a7085ef77cc24", "size": 1880, "tags": [15, 19, 23]}, "_Arcade/_NEO GEO/World Heroes.mra": {"hash": "5104fb36ac0216d09d16649ec3bece2f", "size": 1889, "tags": [15, 19, 23]}, "_Arcade/_NEO GEO/Zed Blade.mra": {"hash": "4c2bd64bbd484f6c37b10aa1aefe43da", "size": 1893, "tags": [15, 19, 23]}, "_Arcade/_NEO GEO/Zintrick.mra": {"hash": "85eb98194f17b7453ccb8ac51bbeea71", "size": 1896, "tags": [15, 19, 23]}, "_Arcade/_NEO GEO/Zupapa!.mra": {"hash": "41e31ed755a84d2d8f97652c0baf3fc2", "size": 1879, "tags": [15, 19, 23]}, "_Arcade/_NEO GEO/_alternatives/_2020 Super Baseball/2020 Super Baseball (set 2).mra": {"hash": "6cb87233511fa0e9de58deff95298ff6", "size": 1914, "tags": [15, 19, 23]}, "_Arcade/_NEO GEO/_alternatives/_2020 Super Baseball/2020 Super Baseball (set 3).mra": {"hash": "7a3438948705c9c60680d138d5f463b6", "size": 1914, "tags": [15, 19, 23]}, "_Arcade/_NEO GEO/_alternatives/_Alpha Mission II/Alpha Mission II (prototype).mra": {"hash": "28403cca7cfd9b2c0b6e4da09fde010f", "size": 1912, "tags": [15, 19, 23]}, "_Arcade/_NEO GEO/_alternatives/_Art of Fighting 2/Art of Fighting 2 (NGH-056).mra": {"hash": "660abb391e52b6b20507af1b65069e34", "size": 1893, "tags": [15, 19, 23]}, "_Arcade/_NEO GEO/_alternatives/_Baseball Stars Professional/Baseball Stars Professional (NGH-002).mra": {"hash": "ad69ec8fabe790f527c478a1bc6d6190", "size": 2146, "tags": [15, 19, 23]}, "_Arcade/_NEO GEO/_alternatives/_Blazing Star/Blazing Star (Stage Select hack).mra": {"hash": "d98e351923468e4b5bbb32e99d129166", "size": 6679, "tags": [15, 19, 23]}, "_Arcade/_NEO GEO/_alternatives/_Breakers Revenge/Breakers Revenge (Unlock Character hack).mra": {"hash": "019caa57a543e832c2752f4a09004f6a", "size": 2149, "tags": [15, 19, 23]}, "_Arcade/_NEO GEO/_alternatives/_Breakers/Breakers (Unlock Character hack).mra": {"hash": "69f7eac3fb37f20376c335ab3db641b3", "size": 3950, "tags": [15, 19, 23]}, "_Arcade/_NEO GEO/_alternatives/_Burning Fight/Burning Fight (NGH-018, US).mra": {"hash": "4c1eefc2ee1c0ad024f9fe2abbf098fa", "size": 1974, "tags": [15, 19, 23]}, "_Arcade/_NEO GEO/_alternatives/_Burning Fight/Burning Fight (prototype, near final, ver 23.3, 910326).mra": {"hash": "fff67bf71f59cc9d32ad4ebd8fa3cc26", "size": 2010, "tags": [15, 19, 23]}, "_Arcade/_NEO GEO/_alternatives/_Burning Fight/Burning Fight (prototype, older).mra": {"hash": "90c7860d548f136c523e27776cc79566", "size": 1981, "tags": [15, 19, 23]}, "_Arcade/_NEO GEO/_alternatives/_Cabal/Cabal (Neo-Geo).mra": {"hash": "950cbfdc550622b566b42279db28115b", "size": 1890, "tags": [15, 19, 23]}, "_Arcade/_NEO GEO/_alternatives/_Double Dragon/Double Dragon (Unlock Characters hack).mra": {"hash": "96279ba3c37090a98878b69c7230e1fa", "size": 2114, "tags": [15, 19, 23]}, "_Arcade/_NEO GEO/_alternatives/_Far East of Eden - Kabuki Klash/Far East of Eden - Kabuki Klash (Unlock Characters hack).mra": {"hash": "7c221440afbc067676a0f1c1455c9244", "size": 3862, "tags": [15, 19, 23]}, "_Arcade/_NEO GEO/_alternatives/_Fatal Fury 3/Fatal Fury 3 (Unlock Characters hack).mra": {"hash": "7c04cbe06396b02f9c1788cbec0a054c", "size": 2103, "tags": [15, 19, 23]}, "_Arcade/_NEO GEO/_alternatives/_Fatal Fury 3/Fatal Fury 3 - Road to the Final Victory (alternate set).mra": {"hash": "6e110780082e350b940755109719187f", "size": 1986, "tags": [15, 19, 23]}, "_Arcade/_NEO GEO/_alternatives/_Fatal Fury Special/Fatal Fury Special (Unlock Character hack).mra": {"hash": "687168ee29f48f654ee357efb4078b1a", "size": 2634, "tags": [15, 19, 23]}, "_Arcade/_NEO GEO/_alternatives/_Fatal Fury Special/Fatal Fury Special (set 2).mra": {"hash": "fe0792b56a50d2c3580fcc80c27ed776", "size": 2000, "tags": [15, 19, 23]}, "_Arcade/_NEO GEO/_alternatives/_Fight Fever/Fight Fever (set 2).mra": {"hash": "c08528b754c4212b99f8e1cb142515bd", "size": 1971, "tags": [15, 19, 23]}, "_Arcade/_NEO GEO/_alternatives/_Galaxy Fight/Galaxy Fight (Unlock Characters hack).mra": {"hash": "737ff274dd031b3ea3cee03cfc51b9f6", "size": 17817, "tags": [15, 19, 23]}, "_Arcade/_NEO GEO/_alternatives/_Garou - Mark of the Wolves/Garou - Mark of the Wolves (NGM-2530 ~ NGH-2530).mra": {"hash": "1b3c8076963fdc65a729d9af683f7303", "size": 1920, "tags": [15, 19, 23]}, "_Arcade/_NEO GEO/_alternatives/_Garou - Mark of the Wolves/Garou - Mark of the Wolves (Unlock Characters hack).mra": {"hash": "5b7d37f6dd0a9771e18b23d9da9216e5", "size": 2116, "tags": [15, 19, 23]}, "_Arcade/_NEO GEO/_alternatives/_Garou - Mark of the Wolves/Garou - Mark of the Wolves (bootleg).mra": {"hash": "e5f9f265d8692ac61a327a368db42267", "size": 1918, "tags": [15, 19, 23]}, "_Arcade/_NEO GEO/_alternatives/_Garou - Mark of the Wolves/Garou - Mark of the Wolves (prototype).mra": {"hash": "db086ab703b058db23e962d6c3837135", "size": 1910, "tags": [15, 19, 23]}, "_Arcade/_NEO GEO/_alternatives/_Ghost Pilots/Ghost Pilots (NGH-020, US).mra": {"hash": "5788707c5a1dca124f7a2a78b0ac858d", "size": 2142, "tags": [15, 19, 23]}, "_Arcade/_NEO GEO/_alternatives/_Hypernoid/Hypernoid.mra": {"hash": "86521b1fb00d30eb7b52db8f88acaada", "size": 1901, "tags": [15, 19, 23]}, "_Arcade/_NEO GEO/_alternatives/_Ironclad/Ironclad (bootleg).mra": {"hash": "abbe28c82cbee9d328307a7a8281ce6c", "size": 1970, "tags": [15, 19, 23]}, "_Arcade/_NEO GEO/_alternatives/_Karnov's Revenge/Karnov's Revenge (Hidden Character hack).mra": {"hash": "125f89e17d3756baef86bf83d0d3a9ae", "size": 3442, "tags": [15, 19, 23]}, "_Arcade/_NEO GEO/_alternatives/_King of the Monsters 2/King of the Monsters 2 - The Next Thing (prototype).mra": {"hash": "40c564521f2de798e57b25be38740854", "size": 1923, "tags": [15, 19, 23]}, "_Arcade/_NEO GEO/_alternatives/_King of the Monsters/King of the Monsters (set 2).mra": {"hash": "7c537c9ac668dde2060060804f7cc2e1", "size": 1894, "tags": [15, 19, 23]}, "_Arcade/_NEO GEO/_alternatives/_Kizuna Encounter/Kizuna Encounter (Unlock Characters hack).mra": {"hash": "ae5b62edd364325f0a7b67141710ca19", "size": 2699, "tags": [15, 19, 23]}, "_Arcade/_NEO GEO/_alternatives/_Last Resort/Last Resort (prototype).mra": {"hash": "c41a676b957a1e54c6593c67a704fc0d", "size": 1907, "tags": [15, 19, 23]}, "_Arcade/_NEO GEO/_alternatives/_Magical Drop III/Magical Drop III (Unlock Characters hack).mra": {"hash": "c6da5612eb078c80ec30cec296e1e932", "size": 5583, "tags": [15, 19, 23]}, "_Arcade/_NEO GEO/_alternatives/_Magician Lord/Magician Lord (NGH-005).mra": {"hash": "c12fe6672abafa63f366722d49b3a283", "size": 2152, "tags": [15, 19, 23]}, "_Arcade/_NEO GEO/_alternatives/_Matrimelee/Matrimelee (Unlock Characters hack).mra": {"hash": "253734af14606a360363d9ed50070459", "size": 3315, "tags": [15, 19, 23]}, "_Arcade/_NEO GEO/_alternatives/_Metal Slug 2/Metal Slug 2 Turbo.mra": {"hash": "09e952ef1b76c6df38d181b8ad8a0899", "size": 2909, "tags": [15, 19, 23]}, "_Arcade/_NEO GEO/_alternatives/_Metal Slug 4/Metal Slug 4 (NGH-2630).mra": {"hash": "a9e4e0720478e0a2820e7e34dccb3451", "size": 1929, "tags": [15, 19, 23]}, "_Arcade/_NEO GEO/_alternatives/_Metal Slug 4/Metal Slug 4 Plus (bootleg).mra": {"hash": "458d7cb14c0c315ba25d2879d60485a0", "size": 1909, "tags": [15, 19, 23]}, "_Arcade/_NEO GEO/_alternatives/_Metal Slug 5/Metal Slug 5 (NGH-2680).mra": {"hash": "f13d1d81ba8382c067946285fdd82c15", "size": 1910, "tags": [15, 19, 23]}, "_Arcade/_NEO GEO/_alternatives/_Nightmare in the Dark/Nightmare in the Dark (bootleg).mra": {"hash": "633e6ac4bd228f6a78f92c18f668c1d6", "size": 1907, "tags": [15, 19, 23]}, "_Arcade/_NEO GEO/_alternatives/_Ninja Combat/Ninja Combat (NGH-009).mra": {"hash": "973a32ca9eeb4d0839f79bd5da17ff95", "size": 2151, "tags": [15, 19, 23]}, "_Arcade/_NEO GEO/_alternatives/_Ninja Master's/Ninja Master's (Unlock Characters hack).mra": {"hash": "0735fd615f3acaa4fa6082710c3c48e6", "size": 2103, "tags": [15, 19, 23]}, "_Arcade/_NEO GEO/_alternatives/_Pochi and Nyaa/Pochi and Nyaa (ver 2.00).mra": {"hash": "c8dc6903bae762846017ae6ab323eae9", "size": 1900, "tags": [15, 19, 23]}, "_Arcade/_NEO GEO/_alternatives/_Puzzle Bobble/Puzzle Bobble (bootleg).mra": {"hash": "cb9822f70713681d18abd3547aa54d43", "size": 1976, "tags": [15, 19, 23]}, "_Arcade/_NEO GEO/_alternatives/_Quiz Daisousa Sen/Quiz Daisousa Sen - The Last Count Down (Korean release).mra": {"hash": "797c9f2db5008414113934bb5d3dde80", "size": 2008, "tags": [15, 19, 23]}, "_Arcade/_NEO GEO/_alternatives/_Quiz King of Fighters/Quiz King of Fighters (Korea).mra": {"hash": "7c7c40ee6c6654a53f523bb552848e64", "size": 1939, "tags": [15, 19, 23]}, "_Arcade/_NEO GEO/_alternatives/_Rage of the Dragons/Rage of the Dragons (Unlock Characters hack).mra": {"hash": "21ff148baf30a6f6f6786e9b55469d4c", "size": 2384, "tags": [15, 19, 23]}, "_Arcade/_NEO GEO/_alternatives/_Real Bout Fatal Fury 2/Real Bout Fatal Fury 2 (Unlock Character hack).mra": {"hash": "6cd5cb43adc6867f3d2db631e2eebba7", "size": 2579426, "tags": [15, 19, 23]}, "_Arcade/_NEO GEO/_alternatives/_Real Bout Fatal Fury 2/Real Bout Fatal Fury 2 - The Newcomers (Korean release).mra": {"hash": "106daf6e07e9c76255c6efcfb5424272", "size": 1927, "tags": [15, 19, 23]}, "_Arcade/_NEO GEO/_alternatives/_Real Bout Fatal Fury 2/Real Bout Fatal Fury 2 - The Newcomers (NGH-2400).mra": {"hash": "3b5b9ea6401fc13b7d61462d52cb15d9", "size": 1921, "tags": [15, 19, 23]}, "_Arcade/_NEO GEO/_alternatives/_Real Bout Fatal Fury Special/Real Bout Fatal Fury Special (Korean release).mra": {"hash": "7afe4dc0bd52cc2f45a3f68a391838f9", "size": 1994, "tags": [15, 19, 23]}, "_Arcade/_NEO GEO/_alternatives/_Real Bout Fatal Fury Special/Real Bout Fatal Fury Special (Unlock Character hack).mra": {"hash": "0fdff31a82416d253f9ae99e1e26b1de", "size": 2120, "tags": [15, 19, 23]}, "_Arcade/_NEO GEO/_alternatives/_Real Bout Fatal Fury/Real Bout Fatal Fury.mra": {"hash": "f3a4d1b6bd16f2007d625a2814834fa9", "size": 1880, "tags": [15, 19, 23]}, "_Arcade/_NEO GEO/_alternatives/_Riding Hero/Riding Hero (set 2).mra": {"hash": "2c7f5cba89603d44adceaedd2220a250", "size": 2135, "tags": [15, 19, 23]}, "_Arcade/_NEO GEO/_alternatives/_Robo Army/Robo Army (NGM-032 ~ NGH-032).mra": {"hash": "8677d9181f37b06987b47a7b6736dfca", "size": 1978, "tags": [15, 19, 23]}, "_Arcade/_NEO GEO/_alternatives/_SNK vs. Capcom/SNK vs. Capcom - SVC Chaos Plus (bootleg set 1).mra": {"hash": "eca11b15c42761cff2e326042ee12933", "size": 1929, "tags": [15, 19, 23]}, "_Arcade/_NEO GEO/_alternatives/_Samurai Shodown II/Saulabi Spirits (Korean release).mra": {"hash": "b540b16dbcfe6995fcd1cb2e32e296a0", "size": 1938, "tags": [15, 19, 23]}, "_Arcade/_NEO GEO/_alternatives/_Samurai Shodown II/Saulabi Spirits (Korean release, set 2).mra": {"hash": "1d508f85152a06480925d4a4584fdef4", "size": 2016, "tags": [15, 19, 23]}, "_Arcade/_NEO GEO/_alternatives/_Samurai Shodown III/Fighters Swords (Korean release).mra": {"hash": "322d7f627bf004495ff91c8777ad7be0", "size": 1933, "tags": [15, 19, 23]}, "_Arcade/_NEO GEO/_alternatives/_Samurai Shodown III/Samurai Shodown III (NGH-087).mra": {"hash": "e3f789ee9303a2893b636f2e8ba0d8aa", "size": 1913, "tags": [15, 19, 23]}, "_Arcade/_NEO GEO/_alternatives/_Samurai Shodown III/Samurai Shodown III (Unlock Character hack).mra": {"hash": "047bbb366201c6dd14c1de77eb6e6cfa", "size": 3074, "tags": [15, 19, 23]}, "_Arcade/_NEO GEO/_alternatives/_Samurai Shodown IV/Pae Wang Jeon Seol (Korean censored Samurai Shodown IV).mra": {"hash": "29cf6b17eafff5c3c94b67647acaa1bf", "size": 1939, "tags": [15, 19, 23]}, "_Arcade/_NEO GEO/_alternatives/_Samurai Shodown IV/Samurai Shodown IV (Special 2017 hack).mra": {"hash": "85c127338d33d36ee0582fefe98a2076", "size": 274109, "tags": [15, 19, 23]}, "_Arcade/_NEO GEO/_alternatives/_Samurai Shodown V Special/Samurai Shodown V Special (1st release, censored).mra": {"hash": "f7154fe9c3c58b10f79ca9cc5c9a553a", "size": 2037, "tags": [15, 19, 23]}, "_Arcade/_NEO GEO/_alternatives/_Samurai Shodown V Special/Samurai Shodown V Special (2nd release, less censored).mra": {"hash": "80eb8705ddd9103aaffefca4a5446452", "size": 2036, "tags": [15, 19, 23]}, "_Arcade/_NEO GEO/_alternatives/_Samurai Shodown V Special/Samurai Shodown V Special Final Edition.mra": {"hash": "47a337523db1ff6ae89920c41379a51b", "size": 1950, "tags": [15, 19, 23]}, "_Arcade/_NEO GEO/_alternatives/_Samurai Shodown V/Samurai Shodown V (NGH-2700).mra": {"hash": "ab6fbbca09f9947a5881825ee62508d3", "size": 1939, "tags": [15, 19, 23]}, "_Arcade/_NEO GEO/_alternatives/_Samurai Shodown V/Samurai Shodown V (XBOX version hack).mra": {"hash": "4d17d4466bad6d4afb7069cc7c534110", "size": 1932, "tags": [15, 19, 23]}, "_Arcade/_NEO GEO/_alternatives/_Samurai Shodown V/Samurai Shodown V (bootleg).mra": {"hash": "59a21e10cbabb6e0b2d19d8a2afebc5a", "size": 1915, "tags": [15, 19, 23]}, "_Arcade/_NEO GEO/_alternatives/_Samurai Shodown/Samurai Shodown (NGH-045).mra": {"hash": "f34e86e8021d6b98c4a325adbfec643f", "size": 1903, "tags": [15, 19, 23]}, "_Arcade/_NEO GEO/_alternatives/_Savage Reign/Savage Reign (Unlock Characters hack).mra": {"hash": "348837d5680c5d9e8555da68d29a9b38", "size": 3328, "tags": [15, 19, 23]}, "_Arcade/_NEO GEO/_alternatives/_Sengoku/Sengoku (NGH-017, US).mra": {"hash": "09da6519162d838d5859bd820605ef6f", "size": 1905, "tags": [15, 19, 23]}, "_Arcade/_NEO GEO/_alternatives/_Shock Troopers 2nd Squad/Lansquenet 2004 (Shock Troopers 2nd Squad bootleg).mra": {"hash": "5927c17a2acf2dbca87eb8a81aa3e465", "size": 1938, "tags": [15, 19, 23]}, "_Arcade/_NEO GEO/_alternatives/_Shock Troopers/Shock Troopers (set 2).mra": {"hash": "104262a3fbcadc8ce2006e072618c84c", "size": 1974, "tags": [15, 19, 23]}, "_Arcade/_NEO GEO/_alternatives/_Soccer Brawl/Soccer Brawl (NGH-031).mra": {"hash": "2f5bf6a0bdb2437bee2554adf6420e52", "size": 1961, "tags": [15, 19, 23]}, "_Arcade/_NEO GEO/_alternatives/_Strikers 1945 Plus/Strikers 1945 Plus (Unlock Character hack).mra": {"hash": "25726fe364997d0fab3c20f64ba2cd40", "size": 2144, "tags": [15, 19, 23]}, "_Arcade/_NEO GEO/_alternatives/_Super Dodge Ball/Super Dodge Ball (Unlock Characters hack).mra": {"hash": "31d2d94217bc85b69a62b87a448e8fe1", "size": 2138, "tags": [15, 19, 23]}, "_Arcade/_NEO GEO/_alternatives/_The Eye of Typhoon/The Eye of Typhoon - Tsunami Edition.mra": {"hash": "c1fa34c3716cc7dbcb05eb4d1ef29192", "size": 1909, "tags": [15, 19, 23]}, "_Arcade/_NEO GEO/_alternatives/_The King of Fighters '94/The King of Fighters '94 (Unlock Character hack).mra": {"hash": "6d225f8220535fb413a84646a9e62cc0", "size": 6052, "tags": [15, 19, 23]}, "_Arcade/_NEO GEO/_alternatives/_The King of Fighters '95/The King of Fighters '95 (NGH-084).mra": {"hash": "792e658374c4172598d428a98f6d5a79", "size": 1906, "tags": [15, 19, 23]}, "_Arcade/_NEO GEO/_alternatives/_The King of Fighters '95/The King of Fighters '95 (NGM-084, alt board).mra": {"hash": "6036c725c0d9365b1ae8da33012f1b61", "size": 1917, "tags": [15, 19, 23]}, "_Arcade/_NEO GEO/_alternatives/_The King of Fighters '95/The King of Fighters '95 (Unlock Characters hack).mra": {"hash": "8357042500f27683940188fa8352a071", "size": 2103, "tags": [15, 19, 23]}, "_Arcade/_NEO GEO/_alternatives/_The King of Fighters '96/The King of Fighters '96 (NGH-214).mra": {"hash": "b87988f594744356553781893ef5ab6a", "size": 1906, "tags": [15, 19, 23]}, "_Arcade/_NEO GEO/_alternatives/_The King of Fighters '96/The King of Fighters '96 (Unlock Characters hack).mra": {"hash": "5ec96ba94fb6fc887a1ec4e405ac6e70", "size": 4794, "tags": [15, 19, 23]}, "_Arcade/_NEO GEO/_alternatives/_The King of Fighters '97/King of Gladiator (The King of Fighters '97 bootleg).mra": {"hash": "d1fa0fad641368b09e45b0a32871c8a9", "size": 1910, "tags": [15, 19, 23]}, "_Arcade/_NEO GEO/_alternatives/_The King of Fighters '97/The King of Fighters '97 (Korean release).mra": {"hash": "d6deb5be3b54ce5a5175a0f876f480c1", "size": 1913, "tags": [15, 19, 23]}, "_Arcade/_NEO GEO/_alternatives/_The King of Fighters '97/The King of Fighters '97 (NGH-2320).mra": {"hash": "ba1549c91ee86d91b41416ca45fbb8f9", "size": 1907, "tags": [15, 19, 23]}, "_Arcade/_NEO GEO/_alternatives/_The King of Fighters '97/The King of Fighters '97 Chongchu Jianghu Plus 2003 (bootleg).mra": {"hash": "3adf931bc07d344d83dc6560d8dab009", "size": 1949, "tags": [15, 19, 23]}, "_Arcade/_NEO GEO/_alternatives/_The King of Fighters '97/The King of Fighters '97 Plus (bootleg).mra": {"hash": "592b2245aaa2b4161f13cdf1667018e6", "size": 1927, "tags": [15, 19, 23]}, "_Arcade/_NEO GEO/_alternatives/_The King of Fighters '98/The King of Fighters '98 - The Slugfest (Korean board, set 1).mra": {"hash": "a8b59ce48213ab71e6791a26bca9eb47", "size": 1933, "tags": [15, 19, 23]}, "_Arcade/_NEO GEO/_alternatives/_The King of Fighters '99/The King of Fighters '99 - Millennium Battle (earlier).mra": {"hash": "a528727ca454a483922181445147d962", "size": 1926, "tags": [15, 19, 23]}, "_Arcade/_NEO GEO/_alternatives/_The King of Fighters '99/The King of Fighters '99 - Millennium Battle (prototype).mra": {"hash": "6f744f30ae1bc54c66a56da97f5d082f", "size": 1928, "tags": [15, 19, 23]}, "_Arcade/_NEO GEO/_alternatives/_The King of Fighters 2001/Crouching Tiger Hidden Dragon 2003 Super Plus alternate (The King of Fighters 2001 bootleg).mra": {"hash": "a40eb84681db5566f44c601f35f0261d", "size": 1973, "tags": [15, 19, 23]}, "_Arcade/_NEO GEO/_alternatives/_The King of Fighters 2001/The King of Fighters 2001 (NGH-2621).mra": {"hash": "4a2b8a6c4a35eabb10488ae3fcf60d1b", "size": 1929, "tags": [15, 19, 23]}, "_Arcade/_NEO GEO/_alternatives/_The King of Fighters 2002/The King of Fighters 10th Anniversary Extra Plus (The King of Fighters 2002 bootleg).mra": {"hash": "be7a4e91274ca3f51fd79aa3845702f8", "size": 1972, "tags": [15, 19, 23]}, "_Arcade/_NEO GEO/_alternatives/_The King of Fighters 2002/The King of Fighters 2002 Magic Plus (bootleg).mra": {"hash": "ee12e11c0fb7c4fb6274e0b29284162b", "size": 1928, "tags": [15, 19, 23]}, "_Arcade/_NEO GEO/_alternatives/_The King of Fighters 2002/The King of Fighters 2002 Magic Plus II (bootleg).mra": {"hash": "aa042a386d4731e8efaaf7cdd86bbc5c", "size": 1937, "tags": [15, 19, 23]}, "_Arcade/_NEO GEO/_alternatives/_The King of Fighters 2002/The King of Fighters Special Edition 2004 (The King of Fighters 2002 bootleg).mra": {"hash": "59cf34cf8b594146ef966a48e5c486e7", "size": 1965, "tags": [15, 19, 23]}, "_Arcade/_NEO GEO/_alternatives/_The Last Blade 2/The Last Blade 2 (Team Edition hack).mra": {"hash": "41d84d459d95fc4d8a3a29e8eb22d132", "size": 63518, "tags": [15, 19, 23]}, "_Arcade/_NEO GEO/_alternatives/_The Last Blade 2/The Last Blade 2 (Unlock Characters hack).mra": {"hash": "14cd6506ba7243743dca7e5a55a56a82", "size": 16458, "tags": [15, 19, 23]}, "_Arcade/_NEO GEO/_alternatives/_The Last Blade/The Last Blade (NGH-2340).mra": {"hash": "34211ed1e04111fb2cd9e10ab2707324", "size": 1980, "tags": [15, 19, 23]}, "_Arcade/_NEO GEO/_alternatives/_The Last Blade/The Last Blade (NGM-2340, alternate board).mra": {"hash": "fe7835c2a5bbef2b88d8646a6167a47e", "size": 1932, "tags": [15, 19, 23]}, "_Arcade/_NEO GEO/_alternatives/_The Last Blade/The Last Blade (Unlock Characters hack).mra": {"hash": "e8931ac8baf8558c0d21f8220293746e", "size": 3507508, "tags": [15, 19, 23]}, "_Arcade/_NEO GEO/_alternatives/_The Last Blade/The Last Soldier (Korean release of The Last Blade).mra": {"hash": "893e11b5ce77b8ffd6f345141292e871", "size": 1935, "tags": [15, 19, 23]}, "_Arcade/_NEO GEO/_alternatives/_Top Hunter/Top Hunter - Roddy & Cathy (NGH-046).mra": {"hash": "4594930357de4413850c42a29906835e", "size": 1995, "tags": [15, 19, 23]}, "_Arcade/_NEO GEO/_alternatives/_Twinkle Star Sprites/Twinkle Star Sprites (Unlock Characters hack).mra": {"hash": "0cfe174d1f83032aceebcc3d713b1efd", "size": 2168, "tags": [15, 19, 23]}, "_Arcade/_NEO GEO/_alternatives/_Voltage Fighter/Voltage Fighter (Unlock Characters hack).mra": {"hash": "737e2b9fbc7b98940b254425eb80b9df", "size": 3122, "tags": [15, 19, 23]}, "_Arcade/_NEO GEO/_alternatives/_Waku Waku 7/Waku Waku 7 (Unlock Characters hack).mra": {"hash": "34b53979644769c623c0139cdbdd9995", "size": 3732, "tags": [15, 19, 23]}, "_Arcade/_NEO GEO/_alternatives/_Windjammers/Windjammers Supersonic.mra": {"hash": "96d3063415dd05f3a6fc9e445616fea4", "size": 2080, "tags": [15, 19, 23]}, "_Arcade/_NEO GEO/_alternatives/_World Heroes 2 Jet/World Heroes 2 Jet (Unlock Character hack).mra": {"hash": "16949fa9e3fab59bef46fa303106c8dc", "size": 2971, "tags": [15, 19, 23]}, "_Arcade/_NEO GEO/_alternatives/_World Heroes 2/World Heroes 2 (Unlock Characters hack).mra": {"hash": "4fb9f4f5cbd04c67fb236557f79c177c", "size": 8889, "tags": [15, 19, 23]}, "_Arcade/_NEO GEO/_alternatives/_World Heroes Perfect/World Heroes Perfect (Unlock Characters hack).mra": {"hash": "5e3a259654eee90bb755290781253496", "size": 7900, "tags": [15, 19, 23]}, "_Arcade/_NEO GEO/_alternatives/_World Heroes/World Heroes (ALH-005).mra": {"hash": "2149a60524399bda001e4a0db59743f3", "size": 1895, "tags": [15, 19, 23]}, "_Arcade/_NEO GEO/_alternatives/_World Heroes/World Heroes (Unlock Character hack).mra": {"hash": "73600bde94f3995f1d2d00caad532b50", "size": 3613, "tags": [15, 19, 23]}, "_Arcade/_NEO GEO/_alternatives/_World Heroes/World Heroes (set 3).mra": {"hash": "7001f5e6c421edf5b659ff4124f44353", "size": 1899, "tags": [15, 19, 23]}, "_Arcade/_NEO GEO/_alternatives/_Xeno Crisis/Xeno Crisis.mra": {"hash": "e3396cbd60aea059238b87fe9257ef8f", "size": 2228, "tags": [15, 19, 23]}, "_Arcade/_NEO GEO/_alternatives/_ZinTricK/ZinTricK (CD conversion).mra": {"hash": "7e47d70c85ca2ee662dc2e2bd5d380c8", "size": 1912, "tags": [15, 19, 23]}, "_Arcade/_NEO GEO/gog-broken-romsets.xml": {"hash": "f7f9bc6eb08c5749e719c2fbef750418", "size": 10564, "tags": [15]}, "_Arcade/_NEO GEO/gog-romsets.xml": {"hash": "1f7baf73c91fc7e4c207419625c1b65d", "size": 21359, "tags": [15]}, "_Arcade/_NEO GEO/romsets.xml": {"hash": "5599f7eef1c801d043c16786529e7d28", "size": 37209, "tags": [15]}, "_Arcade/_alternatives/_Gauntlet II/Gauntlet II (2 Players, German).mra": {"hash": "83cbe56d91a36cdd7fe3a51030aa9e8b", "size": 2843, "tags": [15, 19, 20, 21]}, "_Arcade/_alternatives/_Gauntlet II/Gauntlet II (2 Players, rev 1).mra": {"hash": "0956a3ffa644da36fea2c9fd559bcec3", "size": 2843, "tags": [15, 19, 20, 21]}, "_Arcade/_alternatives/_Gauntlet II/Gauntlet II (2 Players, rev 2).mra": {"hash": "e06ca63d72af01a1ac6aa695b11ae1fa", "size": 2841, "tags": [15, 19, 20, 21]}, "_Arcade/_alternatives/_Gauntlet II/Gauntlet II (German).mra": {"hash": "3062bf9e35cb136de63121feed9e05e8", "size": 2830, "tags": [15, 19, 20, 21]}, "_Arcade/_alternatives/_Gauntlet/Gauntlet (2 Players, German, rev 1).mra": {"hash": "bba151d1050e44a0e9f801a5c10d04cd", "size": 2369, "tags": [15, 19, 20, 21]}, "_Arcade/_alternatives/_Gauntlet/Gauntlet (2 Players, German, rev 4).mra": {"hash": "5914534b6a67f37e304ac0c6cf5eba14", "size": 2368, "tags": [15, 19, 20, 21]}, "_Arcade/_alternatives/_Gauntlet/Gauntlet (2 Players, Japanese, rev 2).mra": {"hash": "54371fdc437da15f693d1042462d2d4c", "size": 2368, "tags": [15, 19, 20, 21]}, "_Arcade/_alternatives/_Gauntlet/Gauntlet (2 Players, Japanese, rev 5).mra": {"hash": "1af4555d3bc006da07f1ddd3eea778d8", "size": 2366, "tags": [15, 19, 20, 21]}, "_Arcade/_alternatives/_Gauntlet/Gauntlet (2 Players, rev 3).mra": {"hash": "064d5fa5969afcd4225c586a3e880270", "size": 2363, "tags": [15, 19, 20, 21]}, "_Arcade/_alternatives/_Gauntlet/Gauntlet (2 Players, rev 6).mra": {"hash": "6809ffb3619d3167ec82ab0ed6b2f978", "size": 2359, "tags": [15, 19, 20, 21]}, "_Arcade/_alternatives/_Gauntlet/Gauntlet (German, rev 10).mra": {"hash": "4e367bfc6305b53334f0975106df694c", "size": 2358, "tags": [15, 19, 20, 21]}, "_Arcade/_alternatives/_Gauntlet/Gauntlet (German, rev 3).mra": {"hash": "cbc2d8f6461c56b53fda675095c25f7f", "size": 2356, "tags": [15, 19, 20, 21]}, "_Arcade/_alternatives/_Gauntlet/Gauntlet (German, rev 6).mra": {"hash": "5588810a7be5ee2ec7a5e8f666376168", "size": 2356, "tags": [15, 19, 20, 21]}, "_Arcade/_alternatives/_Gauntlet/Gauntlet (German, rev 8).mra": {"hash": "78a9c24107786029ed4a24c5a3c66447", "size": 2356, "tags": [15, 19, 20, 21]}, "_Arcade/_alternatives/_Gauntlet/Gauntlet (Japanese, rev 12).mra": {"hash": "15f21593254f0f0a01da8f902ae61e4c", "size": 2360, "tags": [15, 19, 20, 21]}, "_Arcade/_alternatives/_Gauntlet/Gauntlet (Japanese, rev 13).mra": {"hash": "ab237e4d8e4158a2fb78c97935cf9b61", "size": 2356, "tags": [15, 19, 20, 21]}, "_Arcade/_alternatives/_Gauntlet/Gauntlet (Spanish, rev 15).mra": {"hash": "dd3ea67e9e880f79a1247c535d975509", "size": 2356, "tags": [15, 19, 20, 21]}, "_Arcade/_alternatives/_Gauntlet/Gauntlet (rev 1).mra": {"hash": "9422422a884285a0e06a699fb011e36c", "size": 2348, "tags": [15, 19, 20, 21]}, "_Arcade/_alternatives/_Gauntlet/Gauntlet (rev 2).mra": {"hash": "c3d47fa48958aa0214258d864e99720e", "size": 2348, "tags": [15, 19, 20, 21]}, "_Arcade/_alternatives/_Gauntlet/Gauntlet (rev 4).mra": {"hash": "8607165dfddc84f8f8d283a63f98202e", "size": 2348, "tags": [15, 19, 20, 21]}, "_Arcade/_alternatives/_Gauntlet/Gauntlet (rev 5).mra": {"hash": "e86f4a540baac7091308d719e470f85d", "size": 2348, "tags": [15, 19, 20, 21]}, "_Arcade/_alternatives/_Gauntlet/Gauntlet (rev 7).mra": {"hash": "ccd05e3b2d7b4513a8a2b126e52bf370", "size": 2348, "tags": [15, 19, 20, 21]}, "_Arcade/_alternatives/_Gauntlet/Gauntlet (rev 9).mra": {"hash": "d59d750a98e639674ab8b321c9b3f1a6", "size": 2348, "tags": [15, 19, 20, 21]}, "_Arcade/_alternatives/_Nemesis/Nemesis (World, ROM Version).mra": {"hash": "3ee39d7e169e4ca943331fefca96739e", "size": 4308, "tags": [15, 19, 21, 22]}, "_Arcade/_alternatives/_Vindicators part II/Vindicators Part II (rev 1).mra": {"hash": "c35652e0cb3cefa73ecfcde71a836169", "size": 3974, "tags": [15, 19, 20, 21]}, "_Arcade/_alternatives/_Vindicators part II/Vindicators Part II (rev 2).mra": {"hash": "c15d80641b7c7ad90f7f90df5f39c5cb", "size": 3974, "tags": [15, 19, 20, 21]}, "_Arcade/cores/Gauntlet_20220419.rbf": {"delete": ["_Arcade/cores/Gauntlet_*"], "hash": "7d36933343b9936352b5a901db05de5c", "size": 4070920, "tags": [15, 20, 24]}, "_Arcade/cores/NeoGeo-MVS_20220218.rbf": {"delete": ["_Arcade/cores/NeoGeo-MVS_*"], "hash": "a516ec503f6545cfea473aa34b62a602", "size": 3752736, "tags": [15, 23, 24]}, "_Arcade/cores/atarisys1_20210512.rbf": {"delete": ["_Arcade/cores/atarisys1_*"], "hash": "cee3146ad5dd9a44fec65e769e7bd297", "size": 3849732, "tags": [15, 24, 25]}, "_Arcade/cores/ikacore_Psychic5_20220702.rbf": {"delete": ["_Arcade/cores/ikacore_Psychic5_*"], "hash": "e0b1b59e1af32fc9d60ae2918e97c01f", "size": 3474600, "tags": [15, 24, 26]}, "_Arcade/cores/nemesis_20220628.rbf": {"delete": ["_Arcade/cores/nemesis_*"], "hash": "fb6f68ab9f1c05edff8890946dd1d0b2", "size": 3407564, "tags": [15, 22, 24]}, "_Computer/C128_20220625.rbf": {"delete": ["_Computer/C128_*"], "hash": "d4ca3243c00231cc8f8a0bc4d9604bd0", "size": 4006128, "tags": [16, 24, 27]}, "_Computer/MSX1_20221106.rbf": {"delete": ["_Computer/MSX1_*"], "hash": "9d2db0ff03e195d371ad21148c6641a7", "size": 3652208, "tags": [16, 24, 28]}, "_Computer/zx48_20210912.rbf": {"delete": ["_Computer/zx48_*"], "hash": "cb514b6b17f98653d962466efba47264", "size": 3305204, "tags": [16, 24, 29]}, "_Console/Saturn_20221028.rbf": {"delete": ["_Console/Saturn_*"], "hash": "7f87b49ac5ac42338729612f72ffe055", "size": 4538156, "tags": [14, 24, 30]}, "_Console/Saturn_DS_20221028.rbf": {"delete": ["_Console/Saturn_DS_*"], "hash": "e3213c92658d015c0b40f74f84c9984a", "size": 4527100, "tags": [14, 24, 31]}, "scripts/Update_MiSTerWallpapers.ini": {"hash": "c7611125a3b70cfb564c218aeb437c3c", "size": 576, "tags": [37]}, "scripts/Update_MiSTerWallpapers.sh": {"hash": "e59b26bad39f2c5b6865948492cc8ca8", "size": 3125, "tags": [37]}, "scripts/bgm.sh": {"hash": "05746d1b66d9d38280c3b79c01b5f3dc", "size": 27221, "tags": [37]}, "scripts/favorites.sh": {"hash": "c9743e64e51beb4512af63544fd99f78", "size": 32668, "tags": [37]}, "scripts/games_menu.sh": {"hash": "8618620b7347cdf19082560a038fd469", "size": 12316, "tags": [37]}, "scripts/install_coinop.sh": {"hash": "bbde3f268af4cbe0fde2431086b2c5e1", "size": 474, "tags": [37]}, "scripts/search.sh": {"hash": "56307e50bf72685ed09a9f78520dad0b", "size": 26511, "tags": [37]}, "scripts/update_main_mister.sh": {"hash": "49e9fd9f0afd3ca23482a578878961e5", "size": 640, "tags": [37]}, "|games/S32X/games.here": {"hash": "d41d8cd98f00b204e9800998ecf8427e", "size": 0, "tags": [32, 34, 35]}, "|games/Saturn/boot.rom": {"hash": "cb37ed680c55ed4a0cb3c7eb41497d4a", "overwrite": false, "size": 524288, "tags": [30, 32, 36]}, "|games/mame/roms.here": {"hash": "d41d8cd98f00b204e9800998ecf8427e", "size": 0, "tags": [32, 33, 34]}}, "folders": {"_Arcade": {"tags": [15]}, "_Arcade/_NEO GEO": {"tags": [15, 38]}, "_Arcade/_NEO GEO/_alternatives": {"tags": [15, 38]}, "_Arcade/_NEO GEO/_alternatives/_2020 Super Baseball": {"tags": [15, 38]}, "_Arcade/_NEO GEO/_alternatives/_Alpha Mission II": {"tags": [15, 38]}, "_Arcade/_NEO GEO/_alternatives/_Art of Fighting 2": {"tags": [15, 38]}, "_Arcade/_NEO GEO/_alternatives/_Baseball Stars Professional": {"tags": [15, 38]}, "_Arcade/_NEO GEO/_alternatives/_Blazing Star": {"tags": [15, 38]}, "_Arcade/_NEO GEO/_alternatives/_Breakers": {"tags": [15, 38]}, "_Arcade/_NEO GEO/_alternatives/_Breakers Revenge": {"tags": [15, 38]}, "_Arcade/_NEO GEO/_alternatives/_Burning Fight": {"tags": [15, 38]}, "_Arcade/_NEO GEO/_alternatives/_Cabal": {"tags": [15, 38]}, "_Arcade/_NEO GEO/_alternatives/_Double Dragon": {"tags": [15, 38]}, "_Arcade/_NEO GEO/_alternatives/_Far East of Eden - Kabuki Klash": {"tags": [15, 38]}, "_Arcade/_NEO GEO/_alternatives/_Fatal Fury 3": {"tags": [15, 38]}, "_Arcade/_NEO GEO/_alternatives/_Fatal Fury Special": {"tags": [15, 38]}, "_Arcade/_NEO GEO/_alternatives/_Fight Fever": {"tags": [15, 38]}, "_Arcade/_NEO GEO/_alternatives/_Galaxy Fight": {"tags": [15, 38]}, "_Arcade/_NEO GEO/_alternatives/_Garou - Mark of the Wolves": {"tags": [15, 38]}, "_Arcade/_NEO GEO/_alternatives/_Ghost Pilots": {"tags": [15, 38]}, "_Arcade/_NEO GEO/_alternatives/_Hypernoid": {"tags": [15, 38]}, "_Arcade/_NEO GEO/_alternatives/_Ironclad": {"tags": [15, 38]}, "_Arcade/_NEO GEO/_alternatives/_Karnov's Revenge": {"tags": [15, 38]}, "_Arcade/_NEO GEO/_alternatives/_King of the Monsters": {"tags": [15, 38]}, "_Arcade/_NEO GEO/_alternatives/_King of the Monsters 2": {"tags": [15, 38]}, "_Arcade/_NEO GEO/_alternatives/_Kizuna Encounter": {"tags": [15, 38]}, "_Arcade/_NEO GEO/_alternatives/_Last Resort": {"tags": [15, 38]}, "_Arcade/_NEO GEO/_alternatives/_Magical Drop III": {"tags": [15, 38]}, "_Arcade/_NEO GEO/_alternatives/_Magician Lord": {"tags": [15, 38]}, "_Arcade/_NEO GEO/_alternatives/_Matrimelee": {"tags": [15, 38]}, "_Arcade/_NEO GEO/_alternatives/_Metal Slug 2": {"tags": [15, 38]}, "_Arcade/_NEO GEO/_alternatives/_Metal Slug 4": {"tags": [15, 38]}, "_Arcade/_NEO GEO/_alternatives/_Metal Slug 5": {"tags": [15, 38]}, "_Arcade/_NEO GEO/_alternatives/_Nightmare in the Dark": {"tags": [15, 38]}, "_Arcade/_NEO GEO/_alternatives/_Ninja Combat": {"tags": [15, 38]}, "_Arcade/_NEO GEO/_alternatives/_Ninja Master's": {"tags": [15, 38]}, "_Arcade/_NEO GEO/_alternatives/_Pochi and Nyaa": {"tags": [15, 38]}, "_Arcade/_NEO GEO/_alternatives/_Puzzle Bobble": {"tags": [15, 38]}, "_Arcade/_NEO GEO/_alternatives/_Quiz Daisousa Sen": {"tags": [15, 38]}, "_Arcade/_NEO GEO/_alternatives/_Quiz King of Fighters": {"tags": [15, 38]}, "_Arcade/_NEO GEO/_alternatives/_Rage of the Dragons": {"tags": [15, 38]}, "_Arcade/_NEO GEO/_alternatives/_Real Bout Fatal Fury": {"tags": [15, 38]}, "_Arcade/_NEO GEO/_alternatives/_Real Bout Fatal Fury 2": {"tags": [15, 38]}, "_Arcade/_NEO GEO/_alternatives/_Real Bout Fatal Fury Special": {"tags": [15, 38]}, "_Arcade/_NEO GEO/_alternatives/_Riding Hero": {"tags": [15, 38]}, "_Arcade/_NEO GEO/_alternatives/_Robo Army": {"tags": [15, 38]}, "_Arcade/_NEO GEO/_alternatives/_SNK vs. Capcom": {"tags": [15, 38]}, "_Arcade/_NEO GEO/_alternatives/_Samurai Shodown": {"tags": [15, 38]}, "_Arcade/_NEO GEO/_alternatives/_Samurai Shodown II": {"tags": [15, 38]}, "_Arcade/_NEO GEO/_alternatives/_Samurai Shodown III": {"tags": [15, 38]}, "_Arcade/_NEO GEO/_alternatives/_Samurai Shodown IV": {"tags": [15, 38]}, "_Arcade/_NEO GEO/_alternatives/_Samurai Shodown V": {"tags": [15, 38]}, "_Arcade/_NEO GEO/_alternatives/_Samurai Shodown V Special": {"tags": [15, 38]}, "_Arcade/_NEO GEO/_alternatives/_Savage Reign": {"tags": [15, 38]}, "_Arcade/_NEO GEO/_alternatives/_Sengoku": {"tags": [15, 38]}, "_Arcade/_NEO GEO/_alternatives/_Shock Troopers": {"tags": [15, 38]}, "_Arcade/_NEO GEO/_alternatives/_Shock Troopers 2nd Squad": {"tags": [15, 38]}, "_Arcade/_NEO GEO/_alternatives/_Soccer Brawl": {"tags": [15, 38]}, "_Arcade/_NEO GEO/_alternatives/_Strikers 1945 Plus": {"tags": [15, 38]}, "_Arcade/_NEO GEO/_alternatives/_Super Dodge Ball": {"tags": [15, 38]}, "_Arcade/_NEO GEO/_alternatives/_The Eye of Typhoon": {"tags": [15, 38]}, "_Arcade/_NEO GEO/_alternatives/_The King of Fighters '94": {"tags": [15, 38]}, "_Arcade/_NEO GEO/_alternatives/_The King of Fighters '95": {"tags": [15, 38]}, "_Arcade/_NEO GEO/_alternatives/_The King of Fighters '96": {"tags": [15, 38]}, "_Arcade/_NEO GEO/_alternatives/_The King of Fighters '97": {"tags": [15, 38]}, "_Arcade/_NEO GEO/_alternatives/_The King of Fighters '98": {"tags": [15, 38]}, "_Arcade/_NEO GEO/_alternatives/_The King of Fighters '99": {"tags": [15, 38]}, "_Arcade/_NEO GEO/_alternatives/_The King of Fighters 2001": {"tags": [15, 38]}, "_Arcade/_NEO GEO/_alternatives/_The King of Fighters 2002": {"tags": [15, 38]}, "_Arcade/_NEO GEO/_alternatives/_The Last Blade": {"tags": [15, 38]}, "_Arcade/_NEO GEO/_alternatives/_The Last Blade 2": {"tags": [15, 38]}, "_Arcade/_NEO GEO/_alternatives/_Top Hunter": {"tags": [15, 38]}, "_Arcade/_NEO GEO/_alternatives/_Twinkle Star Sprites": {"tags": [15, 38]}, "_Arcade/_NEO GEO/_alternatives/_Voltage Fighter": {"tags": [15, 38]}, "_Arcade/_NEO GEO/_alternatives/_Waku Waku 7": {"tags": [15, 38]}, "_Arcade/_NEO GEO/_alternatives/_Windjammers": {"tags": [15, 38]}, "_Arcade/_NEO GEO/_alternatives/_World Heroes": {"tags": [15, 38]}, "_Arcade/_NEO GEO/_alternatives/_World Heroes 2": {"tags": [15, 38]}, "_Arcade/_NEO GEO/_alternatives/_World Heroes 2 Jet": {"tags": [15, 38]}, "_Arcade/_NEO GEO/_alternatives/_World Heroes Perfect": {"tags": [15, 38]}, "_Arcade/_NEO GEO/_alternatives/_Xeno Crisis": {"tags": [15, 38]}, "_Arcade/_NEO GEO/_alternatives/_ZinTricK": {"tags": [15, 38]}, "_Arcade/_alternatives": {"tags": [15, 21]}, "_Arcade/_alternatives/_Gauntlet": {"tags": [15, 20, 21]}, "_Arcade/_alternatives/_Gauntlet II": {"tags": [15, 20, 21]}, "_Arcade/_alternatives/_Nemesis": {"tags": [15, 21, 22]}, "_Arcade/_alternatives/_Vindicators part II": {"tags": [15, 20, 21]}, "_Arcade/cores": {"tags": [15, 24]}, "_Computer": {"tags": [16, 24]}, "_Console": {"tags": [14, 24]}, "scripts": {"tags": [37]}, "|games": {"tags": [32]}, "|games/S32X": {"tags": [32, 35]}, "|games/Saturn": {"tags": [30, 32]}, "|games/mame": {"tags": [32, 33]}}, "latest_zip_url": "", "tag_dictionary": {"alternatives": 21, "arcade": 15, "arcadeatarisys1": 25, "arcadecores": 15, "arcadegauntlet": 20, "arcadeikacorepsychic5": 26, "arcadenemesis": 22, "arcadeneogeomvs": 23, "bios": 36, "c128": 27, "computer": 16, "computercores": 16, "console": 14, "consolecores": 14, "cores": 24, "extrautilities": 34, "games": 32, "mame": 33, "mra": 19, "msx1": 28, "neogeo": 38, "s32x": 35, "saturn": 30, "saturnds": 31, "scripts": 37, "zx48": 29}, "timestamp": 1667762261, "zips": {}}